<nav search_view="Menu">
  <view name="homeapp" default='true' />
  <view name="infrastructure_monitoring" />
  <collection label="Security Compliance">
  	<view name="server_security_" />
  	<view name="securityserver" />
  	<view name="security_system" />
	</collection>
  
  <view name="business_insight" />
  <collection label="Altro">
  	<view name="search" />
  	<view name="analytics_workspace" />
  	<view name="datasets" />
  	<view name="reports" />
  	<view name="alerts" />
  	<view name="dashboards" />
  </collection>
</nav>